study_hours,attendance,previous_score,assignment_score,sleep_hours,final_score,performance
4.37,86.42,51.11,71.14,6.05,73.45,Fail
9.56,79.12,72.51,68.75,5.99,98.15,Pass
7.59,68.93,92.38,41.54,8.63,91.27,Pass
6.39,91.62,83.93,60.47,6.0,86.41,Pass
2.4,85.81,88.39,62.81,6.09,69.57,Fail
2.4,62.32,79.53,63.93,8.04,66.04,Fail
1.52,95.99,81.54,74.81,6.8,69.85,Fail
8.8,92.01,90.95,72.02,8.11,100.0,Pass
6.41,97.74,54.98,76.47,5.26,85.08,Pass
7.37,87.66,69.37,85.89,6.95,77.26,Fail
1.19,82.6,53.27,88.78,5.13,63.33,Fail
9.73,73.82,99.26,83.09,5.25,100.0,Pass
8.49,96.97,96.64,97.33,8.63,100.0,Pass
2.91,93.97,42.37,41.09,5.56,55.64,Fail
2.64,57.03,82.33,51.75,7.13,69.21,Fail
2.65,56.19,95.51,40.45,6.64,68.5,Fail
3.74,71.94,50.83,78.85,6.39,63.55,Fail
5.72,91.47,74.08,93.88,8.6,93.41,Pass
4.89,99.43,94.93,54.61,5.09,76.88,Fail
3.62,61.77,42.04,95.62,7.66,61.06,Fail
6.51,81.74,81.85,43.62,8.85,81.72,Pass
2.26,72.14,57.84,96.07,7.24,72.31,Fail
3.63,98.65,95.46,61.1,8.75,88.23,Pass
4.3,92.9,98.26,46.09,5.21,79.94,Pass
5.1,92.72,96.66,69.15,6.68,90.58,Pass
8.07,76.09,68.45,55.41,6.04,87.33,Pass
2.8,73.67,91.72,57.09,7.92,68.95,Fail
5.63,67.3,90.67,58.44,8.93,85.89,Pass
6.33,57.54,59.15,88.18,6.03,82.3,Pass
1.42,93.91,89.73,72.35,7.62,76.57,Fail
6.47,91.58,42.22,58.68,5.79,81.12,Pass
2.53,99.99,75.78,76.62,7.26,78.82,Fail
1.59,99.85,53.8,82.97,6.86,68.42,Fail
9.54,79.99,47.23,56.36,8.89,95.92,Pass
9.69,89.6,44.62,64.81,7.43,91.81,Pass
8.28,97.51,81.78,47.31,6.4,87.72,Pass
3.74,93.23,60.39,50.87,5.46,66.25,Fail
1.88,66.13,83.49,80.87,5.6,62.47,Fail
7.16,75.27,43.92,50.89,5.9,70.33,Fail
4.96,60.81,58.92,71.51,6.0,69.31,Fail
2.1,97.93,72.37,82.54,8.4,71.22,Fail
5.46,82.28,87.44,46.41,7.24,78.76,Fail
1.31,65.29,59.13,74.04,7.09,49.06,Fail
9.18,85.23,77.55,55.39,5.46,93.49,Pass
3.33,82.82,93.16,97.78,8.44,85.4,Pass
6.96,71.12,76.95,69.01,7.89,82.85,Pass
3.81,60.11,53.98,88.36,5.27,69.63,Fail
5.68,85.22,41.46,73.01,7.83,81.16,Pass
5.92,78.41,92.21,42.6,7.17,73.65,Fail
2.66,89.75,41.28,77.99,5.33,58.69,Fail
9.73,78.41,92.48,97.08,6.83,100.0,Pass
7.98,93.35,71.74,76.1,6.94,89.46,Pass
9.46,79.84,96.34,89.15,5.66,100.0,Pass
9.05,80.24,87.93,93.05,8.78,100.0,Pass
6.38,94.45,99.88,53.68,8.4,91.39,Pass
9.3,73.16,61.04,52.72,7.68,79.14,Pass
1.8,61.03,86.03,76.66,6.85,69.7,Fail
2.76,56.3,64.12,64.66,6.65,55.04,Fail
1.41,88.98,68.79,90.39,7.6,70.41,Fail
3.93,82.91,77.65,94.0,7.18,82.67,Pass
4.5,86.68,92.42,61.21,5.25,85.36,Pass
3.44,64.58,99.05,54.21,7.05,66.31,Fail
8.46,61.14,86.1,86.83,8.23,82.21,Pass
4.21,55.65,65.07,56.49,6.84,66.71,Fail
3.53,70.78,65.28,89.36,5.21,79.29,Pass
5.88,81.55,84.25,65.42,8.15,92.4,Pass
2.27,72.65,54.33,80.05,5.81,62.97,Fail
8.22,74.69,46.63,45.73,6.03,75.21,Fail
1.67,95.69,61.28,77.43,5.66,69.15,Fail
9.88,70.67,57.23,67.11,6.32,86.0,Pass
7.95,78.13,57.78,75.2,8.03,91.34,Pass
2.79,90.26,54.02,50.08,7.08,65.88,Fail
1.05,72.84,42.53,84.21,5.82,60.27,Fail
8.34,82.99,41.07,91.77,8.51,100.0,Pass
7.36,93.81,99.26,53.0,8.52,98.36,Pass
7.56,97.73,65.67,45.74,8.48,85.53,Pass
7.94,61.62,63.06,41.42,5.96,76.95,Fail
1.67,96.7,80.78,78.52,6.8,63.27,Fail
4.23,77.15,53.1,76.43,8.94,70.85,Fail
2.04,66.62,97.0,72.8,8.09,70.38,Fail
8.77,75.66,87.18,53.92,5.11,87.84,Pass
6.61,99.1,45.36,63.45,5.26,78.94,Fail
3.98,77.17,65.05,75.67,6.86,68.93,Fail
1.57,69.79,92.75,69.81,8.64,75.95,Fail
3.8,83.5,96.68,99.27,7.15,86.65,Pass
3.93,65.81,68.04,48.19,6.99,65.97,Fail
7.57,58.41,76.8,81.71,5.42,83.99,Pass
6.74,60.8,50.02,64.26,7.63,76.7,Fail
8.98,60.76,99.47,65.69,8.29,100.0,Pass
5.25,61.84,53.9,83.06,6.52,68.9,Fail
2.08,61.25,96.56,81.55,8.1,69.88,Fail
7.42,83.84,78.98,99.48,8.86,97.86,Pass
7.85,63.18,76.46,47.7,5.82,74.69,Fail
6.05,70.56,70.76,46.25,7.09,71.79,Fail
7.94,95.36,53.84,83.46,6.15,87.83,Pass
5.44,76.33,50.59,74.7,8.17,81.24,Pass
5.7,85.04,53.23,56.45,7.31,76.68,Fail
4.85,62.75,51.19,44.77,7.54,65.98,Fail
1.23,63.65,86.78,45.14,8.19,64.91,Fail
1.97,56.84,61.01,93.65,6.58,62.41,Fail
1.28,62.6,43.47,51.51,8.66,53.75,Fail
6.73,67.54,98.15,59.4,7.13,87.02,Pass
3.83,62.97,93.03,53.6,5.63,71.66,Fail
5.58,58.99,95.67,61.3,7.78,79.05,Pass
9.17,60.43,99.69,44.17,8.17,82.58,Pass
3.24,75.74,50.43,71.14,6.27,63.68,Fail
4.69,64.29,63.77,44.06,8.43,76.13,Fail
7.8,71.39,85.49,88.02,8.62,100.0,Pass
3.06,77.65,81.76,54.02,6.11,73.01,Fail
1.69,86.07,49.23,72.4,8.93,70.34,Fail
3.61,56.77,88.95,92.8,5.56,75.37,Fail
2.45,90.97,53.47,79.05,5.81,66.87,Fail
9.37,83.26,53.43,71.98,5.74,87.41,Pass
8.27,58.68,72.22,59.46,8.58,86.05,Pass
6.7,94.31,75.58,59.98,7.62,91.06,Pass
8.84,96.44,74.81,80.17,5.61,100.0,Pass
8.23,57.75,45.49,99.65,6.76,85.22,Pass
2.68,67.46,92.65,79.71,7.46,72.26,Fail
9.03,91.28,55.94,73.47,5.33,91.05,Pass
5.85,88.67,47.77,83.84,8.53,85.65,Pass
8.27,63.3,93.32,67.91,8.21,87.75,Pass
9.06,64.42,97.34,43.61,7.02,81.23,Pass
3.86,71.67,91.73,73.74,8.87,78.01,Fail
1.99,76.8,88.57,97.46,6.67,68.86,Fail
3.05,82.82,79.31,50.52,8.94,69.56,Fail
4.84,71.6,73.05,81.4,7.67,78.99,Fail
8.36,75.81,45.22,52.06,7.54,79.36,Pass
8.75,88.64,64.51,72.15,5.66,99.04,Pass
1.06,56.65,62.36,45.8,8.53,54.75,Fail
5.6,66.36,55.59,67.02,6.71,74.54,Fail
4.76,87.1,83.41,85.37,5.65,85.97,Pass
3.0,95.28,69.75,60.85,5.05,62.54,Fail
2.08,78.03,44.86,79.89,7.24,67.17,Fail
4.04,78.95,53.21,87.73,7.11,73.08,Fail
9.49,59.82,81.0,95.63,7.88,100.0,Pass
3.91,75.13,44.57,54.08,8.56,60.11,Fail
5.67,78.97,91.07,63.96,5.32,74.24,Fail
7.33,65.91,69.71,49.14,7.93,85.74,Pass
4.27,67.12,68.84,99.55,5.75,78.13,Fail
9.75,71.98,75.54,95.62,8.43,99.54,Pass
9.66,55.9,89.48,72.4,8.28,94.74,Pass
3.27,69.49,60.87,90.52,7.16,76.67,Fail
5.48,64.52,80.68,71.26,7.84,75.06,Fail
3.71,69.74,73.94,77.42,6.26,80.36,Pass
3.56,60.39,56.02,45.35,6.88,55.21,Fail
1.33,95.07,92.72,85.32,8.29,80.2,Pass
6.49,81.71,87.85,47.66,6.84,82.41,Pass
5.52,85.56,79.51,89.56,6.43,89.64,Pass
1.46,90.51,91.03,86.92,6.98,71.83,Fail
3.51,77.43,92.04,82.52,8.31,80.69,Pass
9.17,58.91,82.5,42.17,6.34,87.24,Pass
3.16,79.17,90.22,58.19,5.7,66.21,Fail
2.3,81.41,81.85,55.79,7.85,72.58,Fail
5.41,88.54,80.81,61.61,8.3,81.76,Pass
9.87,74.42,77.12,45.26,5.4,89.65,Pass
3.18,60.74,85.16,96.22,5.96,69.37,Fail
7.05,67.77,49.52,73.23,5.57,64.32,Fail
7.85,71.34,92.85,58.33,6.39,89.18,Pass
3.14,84.07,92.31,63.82,6.8,87.48,Pass
7.55,80.69,41.75,66.83,8.0,86.06,Pass
4.31,71.02,89.55,76.04,7.6,80.34,Pass
6.69,99.39,47.73,70.94,7.48,82.66,Pass
6.7,82.26,60.11,95.16,6.41,87.04,Pass
5.82,65.68,84.61,69.82,8.37,86.82,Pass
1.81,59.58,49.65,99.53,6.89,55.91,Fail
8.52,61.88,89.08,91.09,8.92,100.0,Pass
3.89,66.07,89.93,52.51,7.54,76.65,Fail
2.68,62.23,70.45,95.84,5.51,71.8,Fail
1.37,63.4,40.38,46.98,7.7,51.39,Fail
6.32,67.83,57.22,89.05,6.3,80.51,Pass
7.1,62.8,77.02,62.84,7.75,87.77,Pass
1.15,95.35,98.87,92.68,5.28,77.8,Fail
5.61,58.61,77.91,92.08,5.7,78.84,Fail
3.04,78.6,55.59,88.36,8.42,69.21,Fail
6.81,73.47,78.04,87.4,5.91,88.3,Pass
2.57,99.21,72.4,58.28,8.35,80.15,Pass
7.22,60.04,86.79,44.86,6.12,74.54,Fail
4.48,72.9,46.42,64.18,7.57,60.96,Fail
9.43,98.63,85.66,50.41,7.78,100.0,Pass
2.24,93.95,72.48,81.7,7.05,73.04,Fail
4.07,91.77,97.78,60.77,6.22,81.43,Pass
2.02,66.61,60.51,98.54,5.85,66.23,Fail
9.32,62.69,77.96,78.46,5.13,91.58,Pass
8.9,85.09,95.92,89.35,6.22,100.0,Pass
3.32,96.82,46.15,47.95,7.61,57.18,Fail
6.94,80.05,96.23,91.72,8.75,95.15,Pass
8.35,80.72,81.27,95.37,8.48,100.0,Pass
6.0,67.6,44.07,69.22,8.06,66.26,Fail
5.77,89.63,58.06,76.38,8.15,82.14,Pass
3.18,63.42,82.49,85.89,7.66,83.0,Pass
1.84,69.57,44.04,50.49,6.04,51.55,Fail
9.07,74.14,74.93,70.15,8.63,97.97,Pass
9.1,77.84,60.75,63.92,7.68,85.16,Pass
6.7,65.91,77.25,48.78,7.24,76.83,Fail
4.05,60.17,42.74,62.05,5.44,57.61,Fail
4.14,82.48,92.29,44.09,6.79,73.54,Fail
7.53,67.99,98.41,41.55,6.84,93.3,Pass
9.07,81.16,98.13,48.11,8.46,100.0,Pass
8.98,61.95,84.98,97.79,7.19,94.34,Pass
8.02,76.65,47.81,72.97,6.52,84.97,Pass
6.78,78.97,85.5,97.95,8.91,99.74,Pass
1.76,57.33,41.48,65.95,5.44,55.93,Fail
2.45,70.15,41.33,58.71,6.69,63.84,Fail
9.09,61.05,59.42,70.37,5.17,80.18,Pass
6.46,57.85,69.32,66.37,7.96,75.9,Fail
1.08,99.55,86.22,46.34,8.67,61.77,Fail
1.91,69.51,81.0,78.45,6.12,65.49,Fail
6.97,91.44,66.75,52.96,8.43,88.42,Pass
1.05,66.46,56.42,77.18,6.17,61.22,Fail
2.45,85.67,99.83,79.01,8.64,80.27,Pass
5.94,89.21,65.57,49.12,8.02,78.25,Fail
7.23,81.8,67.08,43.68,8.22,83.87,Pass
6.87,76.22,49.82,86.85,5.07,75.98,Fail
3.02,73.53,87.69,67.59,8.85,85.95,Pass
7.41,70.7,81.62,43.49,7.91,76.71,Fail
3.14,96.83,53.25,99.69,6.22,75.43,Fail
3.93,92.38,44.94,43.47,8.32,76.72,Fail
7.72,98.43,80.83,81.7,6.13,96.34,Pass
6.85,60.59,79.27,99.02,8.49,90.92,Pass
8.64,87.89,56.4,54.35,5.45,83.5,Pass
6.92,97.23,97.05,48.53,7.81,91.91,Pass
6.11,63.16,49.06,47.28,7.16,76.4,Fail
1.84,57.99,65.94,58.2,5.39,44.11,Fail
4.31,88.35,96.62,46.06,5.97,84.9,Pass
3.39,80.85,65.18,81.53,5.05,62.79,Fail
3.2,92.88,78.31,43.74,6.88,68.69,Fail
9.76,61.29,63.86,70.57,6.21,88.55,Pass
4.54,90.79,56.45,99.8,7.39,84.42,Pass
9.03,64.07,99.04,88.84,6.19,92.76,Pass
6.68,62.36,64.56,76.91,6.2,82.32,Pass
8.15,62.39,93.65,58.38,7.97,100.0,Pass
5.52,91.66,53.8,77.43,5.19,70.32,Fail
6.19,84.93,52.79,71.62,8.61,83.13,Pass
5.43,78.54,41.87,65.57,8.41,70.31,Fail
2.76,71.15,79.1,47.84,7.67,68.25,Fail
7.5,94.47,62.11,93.2,7.37,94.21,Pass
3.53,72.66,91.86,66.99,8.57,74.66,Fail
1.22,91.75,68.39,51.68,5.74,61.71,Fail
6.81,74.76,98.09,62.07,5.32,96.13,Pass
2.59,71.96,51.13,64.85,5.96,58.49,Fail
9.46,75.82,92.12,89.65,8.18,100.0,Pass
9.59,68.56,86.6,84.02,5.14,91.77,Pass
9.23,88.64,86.26,86.16,7.33,99.66,Pass
4.33,77.62,90.69,40.66,8.98,79.48,Pass
1.14,65.45,85.66,64.97,8.42,72.11,Fail
9.35,95.48,77.57,68.88,7.09,100.0,Pass
4.85,72.28,47.87,41.15,5.25,60.36,Fail
9.7,79.46,41.95,55.59,8.33,88.79,Pass
9.67,95.79,95.25,85.62,7.4,100.0,Pass
8.68,83.09,77.0,48.23,5.46,91.45,Pass
3.65,60.26,87.79,72.12,5.38,75.51,Fail
4.47,97.29,68.89,52.91,8.64,75.84,Fail
8.66,83.25,47.04,40.73,7.68,80.37,Pass
3.85,70.07,47.51,54.47,8.32,65.99,Fail
2.53,61.27,81.13,98.55,8.52,72.96,Fail
6.01,90.73,65.82,88.09,7.29,86.86,Pass
9.43,82.9,52.03,97.57,7.07,100.0,Pass
7.26,79.01,69.5,69.27,6.72,84.92,Pass
6.13,95.23,43.85,46.58,6.27,71.46,Fail
1.87,90.49,74.92,72.88,6.74,65.76,Fail
6.54,61.83,56.14,67.26,8.1,81.88,Pass
9.91,69.03,87.85,90.66,7.41,100.0,Pass
2.26,66.18,58.62,45.88,8.57,55.72,Fail
5.66,88.48,67.31,69.29,6.77,87.78,Pass
8.9,56.51,40.7,49.0,7.43,85.12,Pass
7.67,80.65,44.35,59.48,7.53,78.09,Fail
7.27,89.31,63.55,84.24,7.37,81.4,Pass
7.32,94.45,68.8,68.56,7.81,95.83,Pass
4.24,70.39,76.0,62.55,5.95,68.05,Fail
3.64,91.96,57.5,63.67,7.05,74.59,Fail
8.28,59.98,81.7,67.57,5.42,77.33,Fail
8.29,93.09,91.61,87.1,6.54,100.0,Pass
8.8,60.74,86.79,93.53,6.95,92.12,Pass
9.22,72.88,42.38,97.32,7.61,96.58,Pass
5.6,90.88,68.83,87.21,8.8,88.5,Pass
5.51,61.75,46.3,58.92,7.4,64.08,Fail
8.18,65.32,54.52,81.29,7.97,85.59,Pass
6.85,87.5,99.2,66.26,7.03,96.93,Pass
7.32,87.4,48.55,55.28,7.54,81.79,Pass
8.16,83.85,69.93,90.45,5.28,95.82,Pass
9.01,86.23,77.09,42.31,6.02,99.93,Pass
4.04,79.42,82.15,94.11,6.45,73.26,Fail
4.38,66.33,73.58,67.69,6.89,81.14,Pass
1.85,70.56,40.59,78.23,5.18,55.6,Fail
6.2,63.17,59.59,79.56,5.56,72.09,Fail
1.32,95.88,71.06,93.71,6.11,63.48,Fail
5.19,81.25,45.27,78.2,8.89,76.36,Fail
5.88,73.04,61.04,76.84,6.33,82.86,Pass
3.58,75.79,41.99,44.0,6.93,58.53,Fail
6.32,97.63,44.71,71.1,5.78,86.43,Pass
1.27,61.9,63.82,49.01,7.44,47.12,Fail
1.34,81.38,47.96,84.25,6.12,59.6,Fail
8.4,77.76,74.05,70.73,5.83,84.29,Pass
4.24,82.52,81.37,80.81,7.07,82.39,Pass
2.14,55.81,88.04,42.5,5.02,62.2,Fail
5.7,94.25,52.01,45.09,5.03,69.11,Fail
7.93,96.95,50.05,82.98,5.88,76.02,Fail
2.94,80.43,46.27,44.33,5.15,57.0,Fail
6.61,86.35,78.19,44.28,5.43,82.44,Pass
1.77,96.51,82.39,40.73,6.36,66.69,Fail
1.47,86.83,41.9,97.39,8.21,71.69,Fail
5.78,61.86,96.17,84.25,7.29,81.96,Pass
5.87,80.93,43.12,61.2,7.05,76.66,Fail
6.74,82.3,72.48,57.79,6.17,88.32,Pass
7.53,74.09,82.54,60.98,8.73,81.97,Pass
9.78,88.14,92.26,86.48,6.59,100.0,Pass
5.65,97.05,82.85,79.68,5.35,84.16,Pass
3.91,96.65,88.1,51.11,7.47,78.01,Fail
8.16,75.29,60.37,50.45,5.46,82.81,Pass
3.44,60.1,88.89,45.9,6.38,64.32,Fail
4.95,99.32,44.81,79.62,7.03,73.96,Fail
1.71,92.75,93.69,85.86,8.5,78.91,Fail
1.23,60.61,72.86,55.9,6.97,51.46,Fail
9.66,96.44,89.04,41.26,7.81,94.73,Pass
8.52,94.15,67.14,44.93,8.97,95.53,Pass
7.26,78.35,78.61,98.07,5.53,86.53,Pass
4.68,81.61,71.58,57.73,6.1,76.96,Fail
2.56,72.96,83.9,86.15,6.58,75.22,Fail
2.41,57.46,44.9,77.48,6.69,49.26,Fail
3.25,70.08,43.62,62.92,6.64,57.08,Fail
5.94,91.13,54.83,52.34,8.63,85.08,Pass
7.43,55.21,49.57,47.28,7.86,69.49,Fail
6.94,70.01,92.31,76.9,7.43,89.04,Pass
3.52,72.92,53.15,86.48,6.24,70.92,Fail
9.59,79.18,98.55,78.63,8.3,100.0,Pass
7.64,96.39,60.21,71.82,8.82,91.23,Pass
5.99,70.59,50.93,42.52,8.28,68.75,Fail
6.51,70.61,87.38,98.11,5.01,96.26,Pass
4.78,88.19,79.52,87.92,7.55,94.24,Pass
3.23,75.35,69.89,57.57,5.2,69.67,Fail
4.2,65.11,73.32,98.8,6.03,77.38,Fail
7.82,75.36,83.15,76.11,5.24,86.18,Pass
1.13,61.34,53.71,74.95,7.42,52.18,Fail
2.04,62.94,99.78,84.88,7.75,76.91,Fail
1.41,77.43,98.49,88.71,5.46,73.77,Fail
1.37,73.85,79.02,79.39,6.54,72.7,Fail
8.7,96.17,51.97,47.69,6.82,90.05,Pass
7.33,71.31,80.81,60.3,6.48,78.05,Fail
5.27,81.13,44.33,95.69,5.48,81.01,Pass
1.88,83.45,41.84,53.48,6.68,50.4,Fail
5.42,55.59,55.46,62.33,8.0,69.21,Fail
5.26,84.86,67.76,65.92,5.28,77.31,Fail
2.56,63.01,92.1,66.36,5.32,77.1,Fail
4.9,98.25,83.63,76.78,6.42,100.0,Pass
4.59,61.69,84.56,96.58,8.77,87.34,Pass
6.54,73.66,65.53,54.44,7.67,78.75,Fail
6.72,58.84,60.76,47.29,7.71,77.53,Fail
1.41,99.86,62.26,51.85,6.45,65.66,Fail
4.37,77.6,99.26,93.22,7.37,85.91,Pass
6.63,81.79,42.41,78.75,5.04,85.77,Pass
5.53,58.02,92.02,57.15,7.54,80.62,Pass
8.71,88.75,74.72,88.96,8.65,100.0,Pass
6.93,64.45,66.32,91.68,7.45,90.03,Pass
2.47,95.41,83.52,90.79,8.49,82.84,Pass
1.64,64.23,69.2,95.14,7.9,71.78,Fail
6.78,63.58,92.41,55.13,5.48,79.1,Pass
1.24,56.64,94.04,85.3,8.61,66.98,Fail
6.27,76.24,65.3,67.63,5.27,72.58,Fail
9.46,80.42,56.61,90.52,7.14,99.09,Pass
6.18,57.96,75.54,83.71,5.57,84.19,Pass
4.49,89.9,94.74,86.59,5.05,86.81,Pass
6.79,75.4,52.64,79.37,6.69,89.68,Pass
5.12,78.6,77.38,50.65,6.18,74.92,Fail
5.91,74.83,77.89,72.7,6.94,86.37,Pass
9.47,73.03,83.99,99.08,7.31,98.81,Pass
4.47,80.18,47.89,96.24,5.17,70.96,Fail
9.65,61.99,82.95,42.59,5.49,91.97,Pass
9.15,63.19,94.54,49.89,7.23,97.94,Pass
2.76,93.78,50.78,47.9,6.37,60.16,Fail
1.62,97.58,54.25,83.56,7.92,67.79,Fail
1.91,71.8,98.28,89.07,7.61,68.21,Fail
1.16,67.18,50.86,52.81,8.38,52.14,Fail
1.85,83.98,91.26,70.35,7.77,77.19,Fail
7.15,73.39,69.54,90.44,6.72,91.71,Pass
1.64,56.14,54.83,83.97,7.69,62.33,Fail
3.87,62.03,92.24,72.53,6.1,74.85,Fail
8.6,87.22,66.72,75.42,6.23,92.99,Pass
1.21,84.65,70.89,70.5,8.16,62.53,Fail
8.33,56.22,61.55,57.85,6.79,85.2,Pass
3.54,64.99,75.58,73.9,8.19,75.22,Fail
2.06,65.4,49.81,81.33,8.29,64.93,Fail
7.27,85.24,63.46,92.4,8.43,90.49,Pass
6.66,55.89,98.16,78.18,8.67,80.23,Pass
8.9,59.68,55.49,85.67,6.72,94.11,Pass
7.62,91.0,79.4,49.6,6.28,85.48,Pass
8.23,63.03,59.51,67.69,7.33,80.62,Pass
3.54,84.37,86.41,40.56,6.48,73.94,Fail
2.6,65.72,47.85,54.8,7.4,55.61,Fail
7.76,59.47,98.19,83.59,7.82,100.0,Pass
8.26,65.94,67.23,99.51,7.75,97.65,Pass
9.91,87.5,54.16,45.95,6.5,93.04,Pass
4.71,93.51,44.41,64.09,5.67,63.14,Fail
4.35,92.36,50.19,88.0,6.72,82.16,Pass
7.99,72.87,71.19,52.24,5.57,84.44,Pass
4.07,85.06,60.22,73.31,8.56,74.0,Fail
9.38,64.22,89.73,83.98,6.38,99.88,Pass
8.73,68.19,65.85,76.96,5.62,79.96,Pass
4.86,95.34,54.92,51.28,5.1,72.19,Fail
7.76,55.59,77.03,61.32,7.58,79.9,Pass
7.79,58.85,82.41,87.03,7.55,85.5,Pass
1.93,64.35,50.02,73.25,6.36,49.67,Fail
9.12,56.19,50.06,40.31,5.29,81.79,Pass
5.55,63.16,42.2,85.66,6.64,69.33,Fail
8.44,81.24,84.18,42.12,6.24,96.51,Pass
3.88,73.96,79.83,84.74,7.71,76.1,Fail
9.06,95.17,68.48,52.15,7.42,85.42,Pass
4.5,91.78,90.65,97.48,6.46,82.62,Pass
1.1,70.38,88.34,62.08,5.87,67.96,Fail
9.15,66.67,75.12,59.62,8.95,93.28,Pass
1.82,72.09,92.1,48.93,6.82,62.0,Fail
3.87,81.56,52.35,58.34,7.75,68.97,Fail
9.55,67.06,46.72,92.6,5.56,92.66,Pass
9.56,83.09,56.18,99.78,6.94,100.0,Pass
6.16,73.42,43.43,62.1,5.11,77.51,Fail
6.69,79.84,71.87,66.92,7.02,82.81,Pass
5.04,74.63,96.2,83.32,8.86,82.46,Pass
3.64,68.25,42.36,93.17,6.54,65.18,Fail
3.96,97.68,47.33,75.58,5.16,71.37,Fail
7.05,89.36,67.13,63.49,5.12,78.41,Fail
7.77,61.31,96.03,64.76,6.55,85.34,Pass
8.12,94.08,58.97,81.74,5.64,92.57,Pass
8.11,76.93,70.43,40.19,5.09,80.86,Pass
1.82,95.25,42.49,77.18,8.02,64.58,Fail
5.45,90.99,48.9,61.33,6.83,70.94,Fail
1.52,74.13,99.2,87.65,6.16,71.32,Fail
5.95,56.01,97.91,45.58,8.6,76.87,Fail
4.97,67.09,40.3,75.29,5.46,71.07,Fail
8.99,79.37,97.11,68.86,8.82,100.0,Pass
4.16,83.51,78.35,78.54,6.26,68.8,Fail
2.05,66.6,92.08,43.89,8.55,61.5,Fail
2.29,61.27,67.28,74.8,7.41,56.83,Fail
7.85,92.57,70.94,73.69,8.31,91.6,Pass
6.56,99.3,69.33,73.64,8.94,91.15,Pass
1.91,78.66,80.01,76.21,6.15,60.59,Fail
1.76,62.73,48.38,80.59,8.84,56.45,Fail
7.31,67.25,41.8,88.3,6.56,75.62,Fail
1.65,55.83,58.48,56.19,6.54,54.47,Fail
8.4,96.14,82.28,89.5,6.36,100.0,Pass
7.36,60.3,52.11,69.9,7.17,75.65,Fail
1.73,80.94,80.41,44.62,5.62,61.45,Fail
1.76,67.33,98.19,43.51,7.21,61.84,Fail
9.88,79.94,45.63,60.05,7.17,88.32,Pass
4.37,84.31,80.36,87.09,8.05,92.29,Pass
4.34,92.34,66.63,82.46,8.33,88.17,Pass
8.32,64.29,92.09,87.32,6.76,90.27,Pass
9.53,55.49,50.63,71.04,6.21,89.55,Pass
9.87,61.16,81.56,66.41,6.04,98.5,Pass
7.78,95.5,90.29,48.85,5.78,85.49,Pass
4.39,94.33,96.68,59.69,5.23,84.47,Pass
1.75,81.88,80.99,66.04,6.37,74.08,Fail
7.99,82.02,69.83,45.32,6.08,78.39,Fail
6.03,84.93,77.07,53.24,8.87,79.74,Pass
4.82,62.89,92.13,75.89,7.23,86.0,Pass
9.16,96.15,74.24,84.14,6.39,100.0,Pass
2.0,73.84,41.82,99.9,7.32,66.94,Fail
5.43,72.24,95.86,95.99,5.56,89.37,Pass
1.1,78.35,81.37,78.55,6.78,68.25,Fail
5.22,57.11,80.59,65.27,7.5,70.12,Fail
1.51,62.48,52.94,78.17,6.96,63.08,Fail
2.07,88.21,79.53,87.14,6.61,79.0,Fail
2.06,58.73,63.63,47.1,8.98,57.64,Fail
6.84,82.14,79.07,64.59,8.52,89.04,Pass
7.71,66.04,46.4,90.39,7.49,77.31,Fail
6.25,72.52,79.47,63.03,7.28,85.47,Pass
9.66,67.99,99.96,74.31,7.48,100.0,Pass
4.37,71.01,42.89,75.27,5.81,65.86,Fail
3.57,87.36,98.63,51.07,6.58,82.12,Pass
8.82,68.37,64.41,61.73,5.16,83.47,Pass
3.01,80.49,92.25,60.07,6.9,76.39,Fail
9.67,76.42,86.94,41.57,7.17,89.67,Pass
1.11,84.87,74.02,41.45,5.91,56.96,Fail
9.73,97.16,84.31,89.9,8.86,100.0,Pass
1.39,87.97,92.71,56.38,8.64,71.69,Fail
9.02,64.67,64.25,71.08,7.89,89.28,Pass
5.75,56.4,59.62,57.92,7.13,70.81,Fail
9.94,66.8,80.06,96.44,8.48,100.0,Pass
1.66,81.78,88.47,55.56,5.52,62.32,Fail
5.98,57.31,85.74,65.78,8.16,74.18,Fail
9.72,77.34,87.87,92.36,5.5,100.0,Pass
5.71,81.86,66.13,90.52,8.18,93.03,Pass
6.66,70.04,89.07,51.17,6.1,75.84,Fail
7.26,89.69,47.21,88.16,8.51,92.63,Pass
5.09,59.8,72.67,67.49,8.78,74.64,Fail
6.65,58.38,40.35,68.98,5.6,71.88,Fail
6.26,87.77,59.48,48.01,6.85,78.81,Fail
9.11,77.3,61.99,44.84,8.92,88.57,Pass
1.41,85.98,63.77,83.68,6.93,61.99,Fail
3.53,74.57,81.73,69.79,8.45,72.65,Fail
9.55,66.09,63.31,66.21,7.35,86.93,Pass
9.01,91.86,66.92,83.77,6.5,93.49,Pass
5.1,90.97,54.25,85.93,6.14,78.22,Fail
6.58,86.26,62.4,49.53,5.81,74.21,Fail
3.5,67.25,53.64,76.61,8.05,71.67,Fail
2.69,81.56,44.39,48.12,6.55,65.05,Fail
5.17,71.24,76.21,85.08,7.05,78.67,Fail
4.18,59.12,80.09,79.42,6.97,76.1,Fail
6.25,96.28,77.17,97.4,7.31,96.49,Pass
1.7,61.16,67.81,44.14,8.46,59.86,Fail
9.77,97.76,62.79,43.42,8.92,96.77,Pass
9.88,75.07,91.8,56.93,6.63,100.0,Pass
